<!-- Document created with online XML Editor http://xmlgrid.net 2018/11/09 15:39:47  -->
<Scenario xmlns="FTOTv5.0.0">
  <Scenario_Schema_Version>5.0.0</Scenario_Schema_Version>
  <Scenario_Name>Quick Start: RMP to Processor to Destination</Scenario_Name>
  <Scenario_Description>Forest Residuals to jet fuel supply chain resilience assessment exposed to hazard events.</Scenario_Description>
  <Scenario_Inputs>
    <Common_Data_Folder>C:\FTOT_SCR\scenarios\common_data</Common_Data_Folder>
    <!-- MULTIMODAL NETWORK LOCATION-->
    <!-- The original copy of the base network. FTOT will not alter this copy.-->
    <!-- The default multimodal network used in FTOT is provided with the tool and includes the following modes: road, rail, water, product pipeline, and crude oil pipeline.-->
    <!-- The multimodal network also contains waterway lock and intermodal facility locations.-->
    <Base_Network_Gdb>C:\FTOT_SCR\scenarios\common_data\networks\Public_Intermodal_Network_2019_3.gdb</Base_Network_Gdb>
    <!-- GEOSPATIAL FACILITY INFORMATION-->
    <!-- The original copy of the facility geospatial information. -->
    <!-- FTOT will not alter this copy.-->
    <Base_RMP_Layer>C:\FTOT_SCR\scenarios\ForestResiduals_SCR\input_GISdata\facilities.gdb\rmp</Base_RMP_Layer>
    <Base_Destination_Layer>C:\FTOT_SCR\scenarios\ForestResiduals_SCR\input_GISdata\facilities.gdb\dest</Base_Destination_Layer>
    <Base_Processors_Layer>C:\FTOT_SCR\scenarios\ForestResiduals_SCR\input_GISdata\facilities.gdb\proc</Base_Processors_Layer>
    <!-- FACILITY COMMODITY INFORMATION-->
    <!-- CSV Files that map facility_name to the commodity quantities, units, and inputs/outputs (i/o)-->
    <RMP_Commodity_Data>C:\FTOT_SCR\scenarios\ForestResiduals_SCR\input_data\rmp.csv</RMP_Commodity_Data>
    <Destinations_Commodity_Data>C:\FTOT_SCR\scenarios\ForestResiduals_SCR\input_data\dest.csv</Destinations_Commodity_Data>
    <Processors_Commodity_Data>C:\FTOT_SCR\scenarios\ForestResiduals_SCR\input_data\proc.csv</Processors_Commodity_Data>
    <Processors_Candidate_Commodity_Data>None</Processors_Candidate_Commodity_Data>
    <!-- DEFAULT UNITS FOR PHASE OF MATTER -->
    <!-- FTOT will check that the units are acceptable at runtime-->
    <!-- The default units are tonnes (solids) and kgals (liquids)-->
    <!-- For small-scale scenarios, units can be changed to pounds and gallons.-->
    <Default_Units_Solid_Phase>tonnes</Default_Units_Solid_Phase>
    <Default_Units_Liquid_Phase>kgal</Default_Units_Liquid_Phase>
  </Scenario_Inputs>
  <Assumptions>
    <!-- VEHICLE LOAD QUANTITY AND UNITS -->
    <!-- Enter the vehicle load for each mode and phase of matter  -->
    <Truck_Load_Solid>24 tonne</Truck_Load_Solid>
    <Railcar_Load_Solid>82 tonne</Railcar_Load_Solid>
    <Barge_Load_Solid>700 tonne</Barge_Load_Solid>
    <Truck_Load_Liquid>8 kgal</Truck_Load_Liquid>
    <Railcar_Load_Liquid>28.5 kgal</Railcar_Load_Liquid>
    <Barge_Load_Liquid>2100 kgal</Barge_Load_Liquid>
    <Pipeline_Crude_Load_Liquid>3150 kgal</Pipeline_Crude_Load_Liquid>
    <Pipeline_Prod_Load_Liquid>3150 kgal</Pipeline_Prod_Load_Liquid>
    <Truck_Fuel_Efficiency_MilesPerGallon>5.8</Truck_Fuel_Efficiency_MilesPerGallon>
    <Rail_Fuel_Efficiency_MilesPerGallon>10.15</Rail_Fuel_Efficiency_MilesPerGallon>
    <Barge_Fuel_Efficiency_MilesPerGallon>5.00</Barge_Fuel_Efficiency_MilesPerGallon>
    <!--Atmospheric CO2 emissions for truck are in g/mi-->
    <Atmos_CO2_Urban_Unrestricted>1951.11</Atmos_CO2_Urban_Unrestricted>
    <Atmos_CO2_Urban_Restricted>1643.84</Atmos_CO2_Urban_Restricted>
    <Atmos_CO2_Rural_Unrestricted>1659.08</Atmos_CO2_Rural_Unrestricted>
    <Atmos_CO2_Rural_Restricted>1649.49</Atmos_CO2_Rural_Restricted>
    <Railroad_CO2_Emissions_g_ton_mile>21.0</Railroad_CO2_Emissions_g_ton_mile>
    <Barge_CO2_Emissions_g_ton_mile>18.1</Barge_CO2_Emissions_g_ton_mile>
    <Pipeline_CO2_Emissions_g_ton_mile>0.0</Pipeline_CO2_Emissions_g_ton_mile>
  </Assumptions>
  <scriptParameters>
    <Create_Network_Layer_Script>
      <Network_Costs>
        <Intermodal_Costs>
          <Railroad>
            <liquid_Railroad_Class_I_Cost>0.09</liquid_Railroad_Class_I_Cost>
            <solid_Railroad_Class_I_Cost>0.03</solid_Railroad_Class_I_Cost>
            <!--In the internal FTOT network, rail impedance categories are based on FRA Rail Density Codes: sensitive, non-public data-->
            <!--In the public FTOT network, rail impedance categories are based on publicly available rail ownership data and whether or not the rail segment is part of STRACNET-->
            <!--These weights are used to encourage flows on portions of the rail network that see higher freight use (internal network) or part of STRACNET and associated with a Class 1 railroad (public network)-->
            <!--While each network uses distinct categories, the category names defined in the XML (Rail_Density_Code_7_Weight, Rail_Density_Code_6_Weight, etc.) are identical to facilitate running either network in FTOT-->
            <!--In the public FTOT network, the final three impedance categories (Rail_Density_Code_2_Weight, Rail_Density_Code_1_Weight and Rail_Density_Code_0_Weight) are NOT utilized-->
            <!--Further details on the categorization used and suggested default impedances is available in the full FTOT documentation-->
            <Rail_Density_Code_7_Weight>1.0</Rail_Density_Code_7_Weight>
            <Rail_Density_Code_6_Weight>1.3</Rail_Density_Code_6_Weight>
            <Rail_Density_Code_5_Weight>1.6</Rail_Density_Code_5_Weight>
            <Rail_Density_Code_4_Weight>1.9</Rail_Density_Code_4_Weight>
            <Rail_Density_Code_3_Weight>2.1</Rail_Density_Code_3_Weight>
            <Rail_Density_Code_2_Weight>2.4</Rail_Density_Code_2_Weight>
            <Rail_Density_Code_1_Weight>2.6</Rail_Density_Code_1_Weight>
            <Rail_Density_Code_0_Weight>10.0</Rail_Density_Code_0_Weight>
          </Railroad>
          <Truck>
            <liquid_Truck_Base_Cost>0.54</liquid_Truck_Base_Cost>
            <solid_Truck_Base_Cost>0.19</solid_Truck_Base_Cost>
            <!--Weights are used to encourage flows on lower functional class roadways (e.g. interstates and highways)-->
            <!--Truck_Interstate includes FAF Function Class 1-->
            <!--Truck_Principal_Arterial includes FAF Function Classes 2 and 3-->
            <!--Truck_Minor_Arterial includes FAF Function Class 4-->
            <!--Truck_Local includes all other FAF Functions Classes (excluding those above)-->
            <!--More information on functional classes and the FAF road network is available at the following URL: https://ops.fhwa.dot.gov/freight/freight_analysis/faf/faf4/netwkdbflow/index.htm-->
            <Truck_Interstate_Weight>1.0</Truck_Interstate_Weight>
            <Truck_Principal_Arterial_Weight>1.1</Truck_Principal_Arterial_Weight>
            <Truck_Minor_Arterial_Weight>1.2</Truck_Minor_Arterial_Weight>
            <Truck_Local_Weight>1.3</Truck_Local_Weight>
          </Truck>
          <Barge>
            <liquid_Barge_cost>0.07</liquid_Barge_cost>
            <solid_Barge_cost>0.02</solid_Barge_cost>
            <!--Water impedances based on categorizing publicly available USACE freight volumes over the national waterway network -->
            <!--These weights are used to encourage flows portions of the waterway network that see higher freight use-->
            <!--The default value of 10.0 for waterways with no volume is meant to discourage flows on portions of the rail network with little to no documented freight use-->
            <!-- Water_High_Volume includes waterways with volumes >= 10,000,000 tons -->
            <!-- Water_Medium_Volume includes waterways with tonnage volumes < 10,000,000 and >= 1,000,000 tons -->
            <!-- Water_Low_Volume includes waterways with tonnage volumes < 1,000,000 tons -->
            <!-- Water_No_Volume includes waterways with no tonnage volumes documented-->
            <!-- The source for the National Waterway Network and waterway network freight volume data is here: https://usace.contentdm.oclc.org/digital/collection/p16021coll2/id/1450-->
            <Water_High_Volume_Weight>1.00</Water_High_Volume_Weight>
            <Water_Medium_Volume_Weight>1.3</Water_Medium_Volume_Weight>
            <Water_Low_Volume_Weight>1.6</Water_Low_Volume_Weight>
            <Water_No_Volume_Weight>10</Water_No_Volume_Weight>
          </Barge>
        </Intermodal_Costs>
        <Intermodal_Transloading_Costs>
          <transloading_dollars_per_ton>12.35</transloading_dollars_per_ton>
          <transloading_dollars_per_thousand_gallons>40.00</transloading_dollars_per_thousand_gallons>
        </Intermodal_Transloading_Costs>
      </Network_Costs>
      <Artificial_Links>
        <!--Since facilities are not always located directly on the multimodal network, artificial links must be used to connect facilities to the network -->
        <!--A reasonable default is 5 miles, though longer artificial link distances can be conceivably used, particularly for the pipeline network where there is the least amount of detail-->
        <!--Shorter artificial link distances can be used when the facilities are known to be located directly on or adjacent to the relevant network modes-->
        <Road_Max_Artificial_Link_Distance_Miles>10</Road_Max_Artificial_Link_Distance_Miles>
        <Rail_Max_Artificial_Link_Distance_Miles>10</Rail_Max_Artificial_Link_Distance_Miles>
        <Water_Max_Artificial_Link_Distance_Miles>10</Water_Max_Artificial_Link_Distance_Miles>
        <Pipeline_Crude_Max_Artificial_Link_Distance_Miles>10</Pipeline_Crude_Max_Artificial_Link_Distance_Miles>
        <Pipeline_Products_Max_Artificial_Link_Distance_Miles>10</Pipeline_Products_Max_Artificial_Link_Distance_Miles>
      </Artificial_Links>
    </Create_Network_Layer_Script>
    <Route_Optimization_Script>
      <Permitted_Modes>
        <!--The following True/False flags determine whether or not a particular mode should be allowed for routing any flows in the scenario-->
        <!--The default is for all modes to be on-->
        <Road>True</Road>
        <Rail>True</Rail>
        <Water>True</Water>
        <Pipeline_Crude>True</Pipeline_Crude>
        <Pipeline_Prod>True</Pipeline_Prod>
      </Permitted_Modes>
      <Capacity_Options>
        <!--The following True/False flag determines whether network capacity should be considered as a constraint for flowing in the scenario-->
        <!--The default is for capacity to be off-->
        <Capacity_On>False</Capacity_On>
        <Background_Flows>
          <!--The following True/False flags determine whether or not a particular mode should have its existing (background) flows considered. If True, then background flows (e.g. existing movements of freight on the network) will be considered.-->
          <!--The default is for all modes to NOT have their background flows considered-->
          <Road>False</Road>
          <Rail>False</Rail>
          <Water>False</Water>
          <Pipeline_Crude>False</Pipeline_Crude>
          <Pipeline_Prod>False</Pipeline_Prod>
        </Background_Flows>
        <!--The following setting (0-1) determines the minimum fraction of capacity that must be available for each network segment in the scenario.-->
        <!--Setting a value above 0 allows network segments that are already at capacity due to existing flows, to be traversible in this scenario up to the minimum capacity level-->
        <Minimum_Capacity_Level>0.00</Minimum_Capacity_Level>
      </Capacity_Options>
      <Penalty_For_Not_Fulfilling_Depot_Demand>5000</Penalty_For_Not_Fulfilling_Depot_Demand>
      <Pulp_Solve_Options>
        <maxSeconds>36000</maxSeconds>
        <fracGap>1.00</fracGap>
      </Pulp_Solve_Options>
    </Route_Optimization_Script>
    <Data_Reports_Script>test string</Data_Reports_Script>
  </scriptParameters>
</Scenario>
